{
  "lstm": {
    "metrics": {
      "MAE": 6480.104094648783,
      "RMSE": 8170.766943817139,
      "R2": 0.916237738167357
    },
    "baseline": {
      "MAE": 7623,
      "RMSE": 10217,
      "R2": 0.871
    },
    "saved": true
  },
  "gru": {
    "metrics": {
      "MAE": 6337.883996474005,
      "RMSE": 7934.539132380094,
      "R2": 0.92101108244391
    },
    "baseline": {
      "MAE": 7188,
      "RMSE": 9227,
      "R2": 0.895
    },
    "saved": true
  }
}