{
  "lstm": {
    "MAE": 7623.751288231383,
    "RMSE": 10217.28302043166,
    "R2": 0.8710326716032373
  },
  "gru": {
    "MAE": 7188.900390625,
    "RMSE": 9227.849908214555,
    "R2": 0.8948014144956217
  }
}