{
  "MAE": 7188.900390625,
  "RMSE": 9227.849908214555,
  "R2": 0.8948014144956217
}