{
  "MAE": 7623.751288231383,
  "RMSE": 10217.28302043166,
  "R2": 0.8710326716032373
}